Route,Average Players,Standard Deviation
O-L-D,7.855000000000002,1.8330232838058436
O-R-D,10.144999999999998,1.833023283805844
