Route,Average Players,Standard Deviation
O-L-D,0.10999999999999999,0.4342987273932364
O-L-R-D,17.715,1.2227648368160766
O-R-D,0.175,0.926186003360293
