Route,Average Players,Standard Deviation
O-L-D,9.025,7.249571163267662
O-R-D,8.975000000000001,7.249571163267663
