Route,Average Players,Standard Deviation
O-L-D,6.385000000000001,3.692094812239266
O-L-R-D,4.74,1.8224806987828148
O-R-D,6.875000000000004,4.062003421326944
