Route,Average Players,Standard Deviation
O-L-D,8.900000000000002,2.4744851834425927
O-R-D,9.099999999999996,2.474485183442593
