Route,Average Players,Standard Deviation
O-L-D,3.4699999999999998,1.3021087433418068
O-L-R-D,10.879999999999999,1.4234663361865676
O-R-D,3.6499999999999995,1.1729865454886668