Route,Average Players,Standard Deviation
O-L-D,9.344999999999999,1.5298650853873288
O-R-D,8.655000000000001,1.5298650853873288
