Route,Average Players,Standard Deviation
O-L-D,1.0699999999999994,1.3309337381645323
O-L-R-D,15.904999999999996,2.3742151199706893
O-R-D,1.025,1.3159280628767922
