Route,Average Players,Standard Deviation
O-L-D,8.97,0.6429898113002238
O-R-D,9.03,0.6429898113002238
