Route,Average Players,Standard Deviation
O-L-D,4.495,2.5962448227174533
O-L-R-D,8.249999999999998,2.3951874826249147
O-R-D,5.255,3.195505657991613
