Route,Average Players,Standard Deviation
O-L-D,8.790000000000003,4.90399104863867
O-R-D,9.209999999999996,4.90399104863867
