Route,Average Players,Standard Deviation
O-L-R-D,17.525,0.21572774865200317
O-R-D,0.575,0.38480764425479264
O-L-D,0.325,0.3499084129252931
